置賜弁テスト,1,1,-32768,見出し結果表示,品詞1,品詞2,品詞3,品詞4,品詞9(活用形),品詞10(活用形),ヨミ,正規化表記,0,*,*,*,*
あいしょらう,1286,1286,-32768,あいしょらう,動詞,五段,,,を,方言,アイショラウ,あしらう,1,*,*,*,*
あいべ,1286,1286,-32768,あいべ,動詞,不規則,,,へ,方言,アイベ,行こう,2,*,*,*,*
あえしょらう,1286,1286,-32768,あえしょらう,動詞,五段,,,を,方言,アイショラウ,あしらう,3,*,*,*,*
あえべ,1286,1286,-32768,あえべ,動詞,不規則,,,へ,方言,アエベ,行こう,4,*,*,*,*
あがえ,1286,1286,-32768,あがえ,動詞,一般,,,を,方言,アガエ,食べなさい,5,*,*,*,*
あがっておごやえ,1286,1286,-32768,あがっておごやえ,動詞,不変則,,,を,方言,アガッテオゴヤエ,食べてください,6,*,*,*,*
あがら,1286,1286,-32768,あがら,動詞,下一段,,,を,方言,アガラ,食べ,7,*,*,*,*
あがり,1286,1286,-32768,あがり,動詞,下一段,,,を,方言,アガリ,食べ,8,*,*,*,*
あがる,1286,1286,-32768,あがる,動詞,下一段,,,を,方言,アガル,食べる,9,*,*,*,*
あがる,1286,1286,-32768,あがる,動詞,下一段,,,を,方言,アガル,食べる,10,*,*,*,*
あがる,1286,1286,-32768,あがる,動詞,一般,,,を,方言,アガル,食べる,11,*,*,*,*
あがれ,1286,1286,-32768,あがれ,動詞,下一段,,,を,方言,アガレ,食べて,12,*,*,*,*
あがれ,1286,1286,-32768,あがれ,動詞,下一段,,,を,方言,アガレ,食べて,13,*,*,*,*
あがれ,1286,1286,-32768,あがれ,動詞,,,,に,方言,アガレ,入れ,14,*,*,*,*
あがろう,1286,1286,-32768,あがろ,動詞,下一段,,,を,方言,アガロ,食べよう,15,*,*,*,*
あげも,1286,1286,-32768,あげも,動詞,不規則,,不変,,方言,アゲモ,お供え物を供える,16,*,*,*,*
あざぐ,1286,1286,-32768,あざぐ,動詞,,,,を,方言,アザグ,見る,17,*,*,*,*
あざげ,1286,1286,-32768,あざげ,動詞,,,,を,方言,アザゲ,見れ,18,*,*,*,*
あじつける,913,913,-32768,あじつける,動詞,さ変,,,を,方言,アジ ツケル,発想する,19,*,*,*,*
あだげる,1286,1286,-32768,あだげる,動詞,,,,が,方言,アダゲル,騒ぐ,20,*,*,*,*
あだげる,1286,1286,-32768,あだげる,動詞,,,,が,方言,アダゲル,じゃれ合う,21,*,*,*,*
あっかず,1286,1286,-32768,あっかず,動詞,不規則,,,を,方言,アッ カズ,信じられない,22,*,*,*,*
あっかっしゃ,1286,1286,-32768,あっかっしゃ,動詞,,,不変,が,方言,アッカッシャ,ありますか,23,*,*,*,*
あっけ,1286,1286,-32768,あっけ,動詞,,,不変,が,方言,アッケ,ありますか,24,*,*,*,*
あぱとぱ,1286,1286,-32768,あぱとぱ,動詞,,,,が,方言,アパトパ,慌てる,25,*,*,*,*
あんべ,1286,1286,-32768,あんべ,動詞,,,不変,が,方言,アンベ,あるはず,26,*,*,*,*
あんまぽん,1286,1286,-32768,あんまぽん,動詞,不変則,,,が,方言,アンマポン,風呂に入る,27,*,*,*,*
あんめちぇ,1286,1286,-32768,あんめちぇ,動詞,,,不変,が,方言,アンメ チェ,あり得ない,28,*,*,*,*
いがなんね,1286,1286,-32768,いがなんね,動詞,不規則,,,へ,方言,イガナンネ,行かなければならない,29,*,*,*,*
いがれっか,1286,1286,-32768,いがれっか,動詞,不規則,,,が,方言,イガレッカ,行くことができるか,30,*,*,*,*
いがんなんね,1286,1286,-32768,いがんなんね,動詞,不規則,,,が,方言,イガンナンネ,行かなくてはいけない,31,*,*,*,*
いがんに,1286,1286,-32768,いがんに,動詞,不規則,,,が,方言,イガンニ,行くことができません,32,*,*,*,*
いぐ,1286,1286,-32768,いぐ,動詞,,,,が,方言,イグ,行く,33,*,*,*,*
いっけばる,1286,1286,-32768,いっけばる,動詞,,,不変,を,方言,イッケバル,力む,34,*,*,*,*
いったごで,1286,1286,-32768,いったごで,動詞,不規則,,,へ,方言,イッタゴデ,当然行ってきたよ,35,*,*,*,*
いっちょげ,1286,1286,-32768,いっちょげ,動詞,不規則,,,を,方言,イッチョゲ,入れておきなさい,36,*,*,*,*
いってみやえ,1286,1286,-32768,いってみやえ,動詞,不規則,,,へ,方言,イッテミヤエ,行ってみなさい,37,*,*,*,*
いんなあど,1286,1286,-32768,いんなあど,動詞,不規則,,,が,方言,インナアド,居るらしいよ,38,*,*,*,*
いんながえ,1286,1286,-32768,いんながえ,動詞,,,不変,が,方言,インナガエ,いるのかな,39,*,*,*,*
うだでくて,1286,1286,-32768,うだでくて,動詞,,,不変,を,方言,ウダデクテ,あきれる,40,*,*,*,*
うむ,913,913,-32768,うむ,動詞,さ変,,,が,方言,ウム,化膿する,41,*,*,*,*
うるがす,1286,1286,-32768,うるがす,動詞,,,不変,を,方言,ウルガス,水に浸す,42,*,*,*,*
うんだ,1286,1286,-32768,うんだ,動詞,,,不変,が,方言,ウンダ,熟す,43,*,*,*,*
えってみろ,1286,1286,-32768,えってみろ,動詞,,,不変,を,方言,エッテミロ,選んでみて,44,*,*,*,*
おえだる,1286,1286,-32768,おえだる,動詞,,,不変,が,方言,オエダル,いらっしゃる,45,*,*,*,*
おがもす,1286,1286,-32768,おがもす,動詞,,,不変,を,方言,オガモス,拝む,46,*,*,*,*
おがる,1286,1286,-32768,おがる,動詞,下二段,,,が,方言,オガル,成長して大きくなる,47,*,*,*,*
おごやい,1286,1286,-32768,おごやい,動詞,,,不変,を,方言,オゴヤイ,下さい,48,*,*,*,*
おごやえ,1286,1286,-32768,おごやえ,動詞,不規則,,,へ,方言,オゴヤエ,来てください,49,*,*,*,*
おごる,1286,1286,-32768,おごる,動詞,,,不変,,方言,オゴル,怒る,50,*,*,*,*
おごんな,1286,1286,-32768,おごんな,動詞,,,不変,,方言,オゴンナ,怒るな,51,*,*,*,*
おじ,1286,1286,-32768,おじだ,動詞,,,不変,が,方言,オジダ,落ち,52,*,*,*,*
おしょれる,1286,1286,-32768,おしょれる,動詞,,,不変,が,方言,オショレル,折れる,53,*,*,*,*
おじる,1286,1286,-32768,おじる,動詞,,,不変,を,方言,オジル,降りる,54,*,*,*,*
おじる,1286,1286,-32768,おじる,動詞,,,不変,が,方言,オジダ,落ちる,55,*,*,*,*
おだる,1286,1286,-32768,おだる,動詞,,,不変,を,方言,オダル,折る,56,*,*,*,*
おだれる,1286,1286,-32768,おだれる,動詞,,,不変,を,方言,オダレル,折れる,57,*,*,*,*
おっかかる,1286,1286,-32768,おっかかる,動詞,,,不変,へ,方言,オッ カカル,寄りかかる,58,*,*,*,*
おっかがる,1286,1286,-32768,おっかがる,動詞,,,不変,へ,方言,オッ カガル,寄りかかる,59,*,*,*,*
おっかづく,1286,1286,-32768,おっかづく,動詞,,,不変,に,方言,オッカヅク,追いつく,60,*,*,*,*
おっつける,1286,1286,-32768,おっつける,動詞,,,不変,を,方言,オッツケル,押し付ける,61,*,*,*,*
おっぱがす,1286,1286,-32768,おっぱがす,動詞,,,不変,を,方言,オッパガス,追い越す,62,*,*,*,*
おぼげる,1286,1286,-32768,おぼげる,動詞,,,不変,に,方言,オボゲル,溺れる,63,*,*,*,*
おぼごなし,1286,1286,-32768,おぼごなし,動詞,,,不変,,方言,オボゴナシ,出産する,64,*,*,*,*
おやす,1286,1286,-32768,おやす,動詞,,,不変,を,方言,オヤス,終わらせる,65,*,*,*,*
おわいなっと,1286,1286,-32768,おわいなっと,動詞,,,,を,方言,オワイナット,召し上がって,66,*,*,*,*
おわいなる,1286,1286,-32768,おわいなる,動詞,,,不変,を,方言,オワイナル,召し上がる,67,*,*,*,*
おわえない,1286,1286,-32768,おわえない,動詞,不規則,,,を,方言,オワエナイ,お召し上がりください,68,*,*,*,*
おわえなえ,1286,1286,-32768,おわえなえ,動詞,不規則,,,を,方言,オワエナエ,召し上がってください,69,*,*,*,*
おんつぁれる,1286,1286,-32768,おんつぁれる,動詞,,,不変,,方言,オンツァレル,怒られる,70,*,*,*,*
おんまるめる,1286,1286,-32768,おんまるめる,動詞,,,不変,を,方言,オン マルメル,丸める,71,*,*,*,*
がおる,1286,1286,-32768,がおる,動詞,,,不変,,方言,ガ オル,疲れる,72,*,*,*,*
がさばる,1286,1286,-32768,がさばる,動詞,,,不変,,方言,ガ サバル,場所をとる,73,*,*,*,*
かせる,1286,1286,-32768,かせる,動詞,,,不変,を,方言,カセル,食べさせる,74,*,*,*,*
かせろ,1286,1286,-32768,かせろ,動詞,,,不変,を,方言,カセロ,食わせろ,75,*,*,*,*
かだる,1286,1286,-32768,かだる,動詞,,,不変,,方言,カダル,語る,76,*,*,*,*
かだんな,1286,1286,-32768,かだんな,動詞,,,不変,,方言,カダンナ,言うな,77,*,*,*,*
かだんな,1286,1286,-32768,かだんな,動詞,,,不変,,方言,カダンナ,喋るな,78,*,*,*,*
かっちゃ,1286,1286,-32768,かっちゃ,動詞,不規則,,,を,方言,カッチャ,食べることができた,79,*,*,*,*
かっちゃぐ,1286,1286,-32768,かっちゃぐ,動詞,,,不変,を,方言,カッチャグ,掻く,80,*,*,*,*
がってしね,1286,1286,-32768,がってしね,動詞,,,不変,を,方言,ガッテシネ,気にしない,81,*,*,*,*
かぶずぐ,1286,1286,-32768,かぶずぐ,動詞,,,不変,に,方言,カブズグ,噛みつく,82,*,*,*,*
かぶだれ,1286,1286,-32768,かぶだれ,動詞,,,不変,に,方言,カブダレ,つまずいて転ぶ,83,*,*,*,*
かぶだれをくう,1286,1286,-32768,かぶだれをくう,動詞,五段,,,に,方言,カブダレヲ クウ,水たまりに落ちる,84,*,*,*,*
かむ,1286,1286,-32768,かむ,動詞,,,不変,に,方言,カム,構う,85,*,*,*,*
かむ,1286,1286,-32768,かむ,動詞,五段,,,に,方言,カムゴド,かまう,86,*,*,*,*
がめる,1286,1286,-32768,がめる,動詞,,,不変,を,方言,ガメル,ちょろまかす,87,*,*,*,*
かれる,1286,1286,-32768,かれる,動詞,,,不変,を,方言,カレル,食べられる,88,*,*,*,*
かんかんわたりする,913,913,-32768,かんかんわたりする,動詞,さ変,,,が,方言,カンカンワタリスル,雪の上を歩く,89,*,*,*,*
かんずける,1286,1286,-32768,かんずける,動詞,下一段,,,が,方言,カンズケル,人のせいにする,90,*,*,*,*
かんずげる,913,913,-32768,かんずげる,動詞,さ変,,,を,方言,カンズゲル,転嫁する,91,*,*,*,*
かんなんね,1286,1286,-32768,かんなんね,動詞,不規則,,,を,方言,カンナンネ,食べなければならない,92,*,*,*,*
かんに,1286,1286,-32768,かんに,動詞,不規則,,,を,方言,カンニ,食べられません,93,*,*,*,*
かんね,1286,1286,-32768,かんね,動詞,不規則,,,を,方言,カンネ,食えない,94,*,*,*,*
かんぶっちゃ,1286,1286,-32768,かんぶっちゃ,動詞,,,不変,が,方言,カンブッチャ,腐った,95,*,*,*,*
かんまが,1286,1286,-32768,かんまが,動詞,,,不変,を,方言,カンマガ,かきまぜ,96,*,*,*,*
かんまがす,1286,1286,-32768,かんまがす,動詞,,,不変,を,方言,カンマガス,かきまぜる,97,*,*,*,*
きておごやう,1286,1286,-32768,きておごやう,動詞,,,不変,に,方言,キテ オゴヤウ,来ていただく,98,*,*,*,*
きめごど,1286,1286,-32768,きめごど,動詞,,,不変,が,方言,キメゴド,すねる,99,*,*,*,*
きもむ,1286,1286,-32768,きもむ,動詞,,,不変,,方言,キモム,気を揉む,100,*,*,*,*
きもめる,1286,1286,-32768,きもめる,動詞,,,不変,が,方言,キモメル,そわそわする,101,*,*,*,*
きゃーます,1286,1286,-32768,きゃーます,動詞,不規則,,,が,方言,キャーマス,調子に乗る,102,*,*,*,*
きやまして,1286,1286,-32768,きやまして,動詞,不規則,,,が,方言,キヤマシテ,調子に乗って,103,*,*,*,*
きやます,1286,1286,-32768,きやます,動詞,不規則,,,が,方言,キヤマス,調子に乗っている,104,*,*,*,*
きんか,1286,1286,-32768,きんか,動詞,,,不変,が,方言,キンカ,聞こえない,105,*,*,*,*
ぎんぼ,1286,1286,-32768,ぎんぼ,動詞,,,不変,が,方言,ギンボ,足がつった,106,*,*,*,*
くうだい,1286,1286,-32768,くうだい,動詞,,,不変,を,方言,クウダイ,食べたい,107,*,*,*,*
くじゃます,1286,1286,-32768,くじゃます,動詞,,,不変,を,方言,クジャマス,からかう,108,*,*,*,*
くじゃます,913,913,-32768,くじゃます,動詞,さ変,,,を,方言,クジャマス,バカにする,109,*,*,*,*
くだい,1286,1286,-32768,くだい,動詞,不規則,,,を,方言,クダイ,ください,110,*,*,*,*
くだえ,1286,1286,-32768,くだえ,動詞,,,不変,を,方言,クダエ,ください,111,*,*,*,*
くっさ,1286,1286,-32768,くっさ,動詞,,,不変,に,方言,クッサ,来るそうだ,112,*,*,*,*
ぐっち,1286,1286,-32768,ぐっち,動詞,,,不変,,方言,グッチ,ぐれる,113,*,*,*,*
くっちさ,1286,1286,-32768,くっちさ,動詞,,,不変,に,方言,クッチサ,来るようだ,114,*,*,*,*
くっちゃばす,1286,1286,-32768,くっちゃばす,動詞,不規則,,,を,方言,クッチャバス,食い散らかす,115,*,*,*,*
くべる,1286,1286,-32768,くべる,動詞,,,不変,を,方言,クベル,燃やす,116,*,*,*,*
ぐやえ,1286,1286,-32768,ぐやえ,動詞,不変則,,,を,方言,ぐやえ,ください,117,*,*,*,*
ぐやぇ,1286,1286,-32768,ぐやぇ,動詞,不変則,,,を,方言,ぐやぇ,ください,118,*,*,*,*
くらえ,1286,1286,-32768,くらえ,動詞,,,不変,を,方言,クラエ,食べて,119,*,*,*,*
くわっちゃ,1286,1286,-32768,くわっちゃ,動詞,,,不変,を,方言,クワッチャ,食べられる,120,*,*,*,*
くんな,1286,1286,-32768,くんな,動詞,不規則,,,に,方言,クンナ,来ないでください,121,*,*,*,*
くんなが,890,890,-32768,くんなが,動詞,か変,,,に,方言,クンナガ,来るの？,122,*,*,*,*
くんなが,890,890,-32768,くんなが,動詞,か変,,,に,方言,クンナガ,来るよ,123,*,*,*,*
くんべ,890,890,-32768,くんべ,動詞,か変,,,に,方言,クンベ,来るだろう,124,*,*,*,*
けっから,1286,1286,-32768,けっから,動詞,,,,を,方言,ケッ,あげる,125,*,*,*,*
けっちゃ,1286,1286,-32768,けっちゃ,動詞,,,,を,方言,ケッチャ,あげる,126,*,*,*,*
けっぺ,1286,1286,-32768,けっぺ,動詞,,,不変,を,方言,ケッペ,くれ,127,*,*,*,*
けっぽる,1286,1286,-32768,けっぽる,動詞,,,不変,を,方言,ケッポル,蹴る,128,*,*,*,*
けっぽる,1286,1286,-32768,けっぽる,動詞,,,不変,を,方言,ケッポル,蹴る,129,*,*,*,*
ける,1286,1286,-32768,ける,動詞,,,,を,方言,ケル,あげる,130,*,*,*,*
げる,1286,1286,-32768,げる,動詞,五段-ラ行,,,に,方言,アオゲル,なる,131,*,*,*,*
けろ,1286,1286,-32768,けろ,動詞,,,不変,を,方言,ケロ,ください,132,*,*,*,*
けろ,1286,1286,-32768,けろ,動詞,,,不変,を,方言,ケロ,してください,133,*,*,*,*
けろ,1286,1286,-32768,けろ,動詞,,,不変,を,方言,ケロ,下さい,134,*,*,*,*
けん,1286,1286,-32768,けん,動詞,,,,,方言,ケン,あげ,135,*,*,*,*
けんにぇが,1286,1286,-32768,けんにぇが,動詞,,,不変,を,方言,ケンニガ,くれませんか,136,*,*,*,*
けんにが,1286,1286,-32768,けんにが,動詞,,,不変,を,方言,ケンニガ,くれませんか,137,*,*,*,*
けんになが,1286,1286,-32768,けんになが,動詞,,,不変,を,方言,ケンニ ナガ,くれないのですか,138,*,*,*,*
こげ,1286,1286,-32768,こげ,動詞,,,不変,へ,方言,コゲ,進め,139,*,*,*,*
ござった,1286,1286,-32768,ござった,動詞,,,不変,に,方言,ゴザッタ,お越しになった,140,*,*,*,*
ござっておごやえ,1286,1286,-32768,ござっておごやえ,動詞,,,不変,へ,方言,ゴザッテ オゴヤエ,来てください,141,*,*,*,*
ござる,890,890,-32768,ござる,動詞,カ変,,,,方言,ゴザル,来る,142,*,*,*,*
ごしゃいだ,1286,1286,-32768,ごしゃいだ,動詞,,,不変,,方言,ゴシャイダ,怒った,143,*,*,*,*
こしゃう,1286,1286,-32768,こしゃう,動詞,,,不変,,方言,コシャウ,作る,144,*,*,*,*
ごしゃがれる,1286,1286,-32768,ごしゃがれる,動詞,,,不変,,方言,ゴシャガレル,怒られる,145,*,*,*,*
ごしゃぐ,1286,1286,-32768,ごしゃぐ,動詞,,,不変,,方言,ゴシャグ,怒る,146,*,*,*,*
ごしゃげる,1286,1286,-32768,ごしゃげる,動詞,,,不変,,方言,ゴシャゲル,腹が立つ、頭にくる,147,*,*,*,*
ごっしゃぐ,1286,1286,-32768,ごっしゃぐ,動詞,,,不変,,方言,ゴッシャグ,怒る,148,*,*,*,*
こっちょがす,1286,1286,-32768,こっちょがす,動詞,,,不変,,方言,コッチョガス,くすぐる,149,*,*,*,*
こね,1286,1286,-32768,こね,動詞,,,不変,,方言,コネ,来ません,150,*,*,*,*
こねが,1286,1286,-32768,こねが,動詞,,,不変,,方言,コネガ,来ませんか,151,*,*,*,*
こねず,1286,1286,-32768,こねず,動詞,,,不変,,方言,コネズ,きません,152,*,*,*,*
こねなが,1286,1286,-32768,こねなが,動詞,,,不変,,方言,コネナガ,来ないのですか,153,*,*,*,*
こねべ,1286,1286,-32768,こねべ,動詞,,,不変,,方言,コネベ,来ないんじゃないの,154,*,*,*,*
ごはんだし,913,913,-32768,ごはんだし,動詞,さ変可能,,,,方言,ゴハンダシ,食事のしたくをする,155,*,*,*,*
こまんず,1286,1286,-32768,こまんず,動詞,,,不変,,方言,コマンズ,困ります,156,*,*,*,*
これはしたり,1286,1286,-32768,これはしたり,動詞,,,不変,,方言,コレハシタリ,これはまいった,157,*,*,*,*
こわい,1286,1286,-32768,こわい,動詞,,,不変,,方言,コワイ,疲れた,158,*,*,*,*
こわくて,1286,1286,-32768,こわくて,動詞,,,不変,,方言,コワクテ,疲れて,159,*,*,*,*
ごんざい,1286,1286,-32768,ごんざい,動詞,,,不変,,方言,ゴンザイ,来てね,160,*,*,*,*
ごんざえ,1286,1286,-32768,ごんざえ,動詞,,,不変,,方言,ゴンザエ,たべにきてください,161,*,*,*,*
ざげる,1286,1286,-32768,ざげる,動詞,,,不変,,方言,ザゲル,雪がゆるむ,162,*,*,*,*
さだす,913,913,-32768,さだす,動詞,さ変,,,,方言,サダス,用便させる,163,*,*,*,*
さっちぇも,1286,1286,-32768,さっちぇも,動詞,不規則,,,,方言,サッチェモ,されても,164,*,*,*,*
さっちゃ,1286,1286,-32768,さっちゃ,動詞,,,不変,,方言,サッチャ,できた,165,*,*,*,*
さっちゃが,1286,1286,-32768,さっちゃが,動詞,,,不変,,方言,サッチャガ,できたか,166,*,*,*,*
さなんね,1286,1286,-32768,さなんね,動詞,不規則,,,,方言,サナンネ,しなければならない,167,*,*,*,*
さなんねず,1286,1286,-32768,さなんねず,動詞,不規則,,,,方言,サナンネズ,しなければならない,168,*,*,*,*
さなんねぞ,1286,1286,-32768,さなんねぞ,動詞,,,不変,,方言,サナンネゾ,しなさい,169,*,*,*,*
さなんねべ,1286,1286,-32768,さなんねべ,動詞,,,不変,,方言,サナンネベ,した方が良いですね,170,*,*,*,*
されっか,1286,1286,-32768,されっか,動詞,,,不変,,方言,サレッカ,できますか,171,*,*,*,*
されっぺ,1286,1286,-32768,されっぺ,動詞,,,不変,,方言,サレッペ,しなさい,172,*,*,*,*
される,1286,1286,-32768,される,動詞,,,不変,,方言,サレル,できます,173,*,*,*,*
されんず,1286,1286,-32768,されんず,動詞,,,不変,,方言,サレンズ,できるよ,174,*,*,*,*
ざわざわする,1286,1286,-32768,ざわざわする,動詞,不規則,,,,方言,ザワザワスル,背筋が寒くなる,175,*,*,*,*
さわす,1286,1286,-32768,さわす,動詞,不規則,,,,方言,サワス,渋柿の渋を抜く,176,*,*,*,*
ざわっとする,1286,1286,-32768,ざわっとする,動詞,不規則,,,,方言,ザワットスル,恐ろしくなる,177,*,*,*,*
さんなね,1286,1286,-32768,さんなね,動詞,不規則,,,,方言,サンナネ,しなければならない,178,*,*,*,*
さんに,1286,1286,-32768,さんに,動詞,,,不変,,方言,サンニ,できない,179,*,*,*,*
さんにぇ,1286,1286,-32768,さんにぇ,動詞,,,不変,,方言,サンネェ,できない,180,*,*,*,*
さんにず,1286,1286,-32768,さんにず,動詞,,,不変,,方言,サンニズ,できません,181,*,*,*,*
さんにっ,1286,1286,-32768,さんにっ,動詞,不規則,,,,方言,サンニッ,してはいけないです,182,*,*,*,*
ししゃね,1286,1286,-32768,ししゃね,動詞,,,不変,,方言,シシャネ,知らない,183,*,*,*,*
ししゃます,1286,1286,-32768,ししゃます,動詞,,,不変,,方言,シシャマス,困ってしまう,184,*,*,*,*
しっとぼった,1286,1286,-32768,しっとぼった,動詞,不規則,,,,方言,シット ボッタ,雪が締まった,185,*,*,*,*
してけっか,1286,1286,-32768,してけっか,動詞,不規則,,,,方言,シテケッカ,してもらえますか,186,*,*,*,*
してけんにが,1286,1286,-32768,してけんにが,動詞,不規則,,,,方言,シテケンニガ,してくれませんか,187,*,*,*,*
してんな,1286,1286,-32768,してんな,動詞,,,不変,,方言,シテンナ,やめなさい,188,*,*,*,*
しなくたんね,1286,1286,-32768,しなくたんね,動詞,不規則,,,,方言,シナクタンネ,しなければならない,189,*,*,*,*
しなこい,1286,1286,-32768,しなこい,動詞,,,不変,,方言,シナコイ,湿気っている,190,*,*,*,*
しなんね,1286,1286,-32768,しなんね,動詞,不規則,,,,方言,シナンネ,しなければならない,191,*,*,*,*
しなんねぞ,1286,1286,-32768,しなんねぞ,動詞,,,不変,,方言,シナンネゾ,しなさい,192,*,*,*,*
しなんねべ,1286,1286,-32768,しなんねべ,動詞,不規則,,,,方言,シナンネベ,した方が良いですね,193,*,*,*,*
しね,1286,1286,-32768,しね,動詞,,,不変,,方言,シネ,しません,194,*,*,*,*
しねでけろ,1286,1286,-32768,しねでけろ,動詞,不規則,,,,方言,シネデケロ,しないでください,195,*,*,*,*
しびっちゃ,1286,1286,-32768,しびっちゃ,動詞,,,不変,,方言,シビッチャ,しびれた,196,*,*,*,*
しゃあまし,1286,1286,-32768,しゃあまし,動詞,動詞,,,,方言,シャアマシ,持て余し,197,*,*,*,*
しゃーまし,1286,1286,-32768,しゃーまし,動詞,動詞,,,,方言,シャーマシ,持て余し,198,*,*,*,*
しゃっぱぐれる,1286,1286,-32768,しゃっぱぐれる,動詞,,,不変,,方言,シャッパグレル,しらばくれる,199,*,*,*,*
じゃなる,1286,1286,-32768,じゃなる,動詞,,,不変,,方言,ジャナル,わめく,200,*,*,*,*
じゃなる,1286,1286,-32768,じゃなる,動詞,,,不変,,方言,ジャナル,叫ぶ,201,*,*,*,*
しゃね,1286,1286,-32768,しゃね,動詞,,,不変,,方言,シャネ,知らない,202,*,*,*,*
じゃみらっちゃ,1286,1286,-32768,じゃみらっちゃ,動詞,,,不変,,方言,ジャミラッチャ,文句を言われた,203,*,*,*,*
じゃみる,1286,1286,-32768,じゃみる,動詞,,,不変,,方言,ジャ ミル,泣き叫ぶ,204,*,*,*,*
じゃらげる,1286,1286,-32768,じゃらげる,動詞,,,不変,,方言,ジャラゲル,遊ぶ,205,*,*,*,*
しょう,1286,1286,-32768,しょう,動詞,,,不変,,方言,ショウ,背負う,206,*,*,*,*
じょうが,1286,1286,-32768,じょうが,動詞,不規則,,,,方言,ジョウガ,市街地に行ってくるよ,207,*,*,*,*
しょむ,1286,1286,-32768,しょむ,動詞,,,不変,,方言,ショム,しみる,208,*,*,*,*
しろず,1286,1286,-32768,しろず,動詞,,,不変,,方言,シロズ,しなさい,209,*,*,*,*
しんな,913,913,-32768,しんな,動詞,さ変命令,,,,方言,シンナ,するな,210,*,*,*,*
しんなねず,1286,1286,-32768,しんなねず,動詞,不規則,,,,方言,シンナ ネズ,しなければならない,211,*,*,*,*
しんなびる,1286,1286,-32768,しんなびる,動詞,,,不変,,方言,シンナビル,しおれる,212,*,*,*,*
しんねぇ,1286,1286,-32768,しんねぇ,動詞,,,不変,,方言,シンネェ,しれない,213,*,*,*,*
すえる,1286,1286,-32768,すえる,動詞,不規則,,,,方言,スエル,食べ物が腐って酸っぱくなる,214,*,*,*,*
すえる,1286,1286,-32768,すえる,動詞,不規則,,,,方言,スエル,米が悪くなったこと,215,*,*,*,*
すぐだまる,1286,1286,-32768,すぐだまる,動詞,不規則,,,,方言,スグ ダマル,身をすくめる,216,*,*,*,*
すける,1286,1286,-32768,すける,動詞,,,不変,,方言,スケル,助ける,217,*,*,*,*
すけ,1286,1286,-32768,すけろ,動詞,不規則,,,,方言,スケロ,助け,218,*,*,*,*
てづだう,1286,1286,-32768,すける,動詞,,,不変,,方言,スケル,手伝う,219,*,*,*,*
てづだっ,1286,1286,-32768,すけろ,動詞,不規則,,,,方言,スケロ,手伝っ,220,*,*,*,*
すっそっお,1286,1286,-32768,すっそっお,動詞,,,不変,,方言,スッソッオ,やるよ,221,*,*,*,*
すっつぉ,913,913,-32768,すっつぉ,動詞,さ変,,,,方言,スッツォ,するよ,222,*,*,*,*
すっぺ,1286,1286,-32768,すっぺ,動詞,,,不変,,方言,スッペ,しましょう,223,*,*,*,*
すなんね,1286,1286,-32768,すなんね,動詞,不規則,,,,方言,スナンネ,しなければならない,224,*,*,*,*
すなんねぞ,1286,1286,-32768,すなんねぞ,動詞,,,不変,,方言,スナンネゾ,しなさい,225,*,*,*,*
すなんねべ,1286,1286,-32768,すなんねべ,動詞,,,不変,,方言,スナンネベ,した方が良いですね,226,*,*,*,*
ずぼげる,1286,1286,-32768,ずぼげる,動詞,,,不変,,方言,ズボゲル,溺れる,227,*,*,*,*
すんずぐれ,1286,1286,-32768,すんずぐれ,動詞,,,不変,,方言,スンズグレ,実っていない,228,*,*,*,*
すんぞ,913,913,-32768,すんぞ,動詞,さ変,,,,方言,スンゾ,するぞ,229,*,*,*,*
すんな,913,913,-32768,すんな,動詞,さ変,,,,方言,スンナ,するな,230,*,*,*,*
すんなねず,1286,1286,-32768,すんなねず,動詞,不規則,,,,方言,スンナ ネズ,しなければならない,231,*,*,*,*
ずんぶげる,1286,1286,-32768,ずんぶげる,動詞,,,不変,,方言,ズンブゲル,溺れる,232,*,*,*,*
すんべ,1286,1286,-32768,すんべ,動詞,,,不変,,方言,スンベ,しましょう,233,*,*,*,*
ずんぼげる,1286,1286,-32768,ずんぼげる,動詞,,,不変,,方言,ズンボゲル,溺れる,234,*,*,*,*
せぐな,1286,1286,-32768,せぐな,動詞,,,不変,,方言,セグナ,急ぐな,235,*,*,*,*
せせぐる,1286,1286,-32768,せせぐる,動詞,,,不変,,方言,セセグル,からかう,236,*,*,*,*
せったらいぎ,1286,1286,-32768,せったらいぎ,動詞,,,不変,,方言,セッタラ イギ,あえぐ,237,*,*,*,*
せっつぐ,1286,1286,-32768,せっつぐ,動詞,,,不変,,方言,セッツグ,せかす,238,*,*,*,*
せでいぐ,1286,1286,-32768,せでいぐ,動詞,,,不変,,方言,セデイグ,連れていく,239,*,*,*,*
せでぐ,1286,1286,-32768,せでぐ,動詞,,,不変,,方言,セデグ,連れていく,240,*,*,*,*
せびる,1286,1286,-32768,せびる,動詞,,,不変,,方言,セビル,ねだる,241,*,*,*,*
そじる,1286,1286,-32768,そじる,動詞,,,不変,,方言,ソジル,傷む,242,*,*,*,*
そだす,1286,1286,-32768,そだす,動詞,,,不変,,方言,ソダス,傷める,243,*,*,*,*
そばえ,1286,1286,-32768,そばえ,動詞,,,,,方言,ソバエ,甘え,244,*,*,*,*
そばえる,1286,1286,-32768,そばえる,動詞,,,,,方言,ソバエル,甘える,245,*,*,*,*
たいらにする,1286,1286,-32768,たいらに,動詞,不規則,,,,方言,タイラニ,足を崩して座る,246,*,*,*,*
たがぐ,1286,1286,-32768,たがぐ,動詞,,,不変,,方言,タガグ,持つ,247,*,*,*,*
たがぐ,913,913,-32768,たがぐ,動詞,さ変,,,,方言,タガグ,持参する,248,*,*,*,*
たがる,1286,1286,-32768,たがる,動詞,,,不変,,方言,タガル,群がる,249,*,*,*,*
たぐさる,1286,1286,-32768,たぐさる,動詞,,,不変,,方言,タグサル,掴まる,250,*,*,*,*
たごまる,1286,1286,-32768,たごまる,動詞,,,不変,,方言,タゴマル,からむ,251,*,*,*,*
だしあれ,1286,1286,-32768,だしあれ,動詞,不規則,,,,方言,ダシ アレ,降ったり止んだり,252,*,*,*,*
たっちゃ,1286,1286,-32768,たっちゃ,動詞,,,不変,,方言,タッチャ,出た,253,*,*,*,*
たてる,1286,1286,-32768,たてる,動詞,,,不変,,方言,タテル,閉める,254,*,*,*,*
たねる,1286,1286,-32768,たねる,動詞,,,不変,,方言,タネル,探す,255,*,*,*,*
たまる,1286,1286,-32768,たまる,動詞,,,不変,,方言,タマル,こびりつく,256,*,*,*,*
だら,1286,1286,-32768,だら,動詞,,,不変,,方言,ダラ,肥え,257,*,*,*,*
だらだらになる,1286,1286,-32768,だらだらになる,動詞,,,不変,,方言,ダラダラニ ナル,ずぶぬれになる,258,*,*,*,*
たんがぐ,1286,1286,-32768,たんがぐ,動詞,,,不変,,方言,タンガ グ,持つ,259,*,*,*,*
だんち,1286,1286,-32768,だんち,動詞,,,不変,,方言,ダンチ,座る,260,*,*,*,*
ちゃいちゃい,1286,1286,-32768,ちゃいちゃい,動詞,,,不変,,方言,チャイチャイ,調子に乗る,261,*,*,*,*
ちゃいちゃいして,1286,1286,-32768,ちゃいちゃいして,動詞,,,不変,,方言,チャイチャイシテ,調子に乗っている,262,*,*,*,*
ちゃいちゃいて,1286,1286,-32768,ちゃいちゃいて,動詞,,,不変,,方言,チャイチャイテ,調子に乗って,263,*,*,*,*
ちょこまか,1286,1286,-32768,ちょこまか,動詞,不規則,,,,方言,チョコマカ,落ち着きなく動く,264,*,*,*,*
ちょどして,1286,1286,-32768,ちょどして,動詞,,,不変,,方言,チョ ドシテ,動かないで,265,*,*,*,*
ちょりちょりになる,1286,1286,-32768,ちょりちょりになる,動詞,不規則,,,,方言,チョリチョリニ ナル,髪の毛がパサパサになる,266,*,*,*,*
ちょろから,1286,1286,-32768,ちょろから,動詞,,,不変,,方言,チョロカラ,騒ぐ,267,*,*,*,*
ちょろこい,1286,1286,-32768,ちょろこい,動詞,不規則,,,,方言,チョロコイ,落ち着きがない,268,*,*,*,*
ちょろごい,1286,1286,-32768,ちょろごい,動詞,,,不変,,方言,チョロゴイ,すばしっこい,269,*,*,*,*
つかし,1286,1286,-32768,つかし,動詞,,,不変,,方言,ツカシテ,言っ,270,*,*,*,*
つかす,1286,1286,-32768,つかす,動詞,,,不変,,方言,ツカス,言う,271,*,*,*,*
つける,1286,1286,-32768,つける,動詞,,,不変,,方言,ツケル,積み込む,272,*,*,*,*
つこえる,1286,1286,-32768,つこえる,動詞,,,不変,,方言,ツコエル,付け加える,273,*,*,*,*
つっちぇきて,1286,1286,-32768,つっちぇきて,動詞,不規則,,,,方言,ツッチェキテ,連れてきて,274,*,*,*,*
つっちぇこい,1286,1286,-32768,つっちぇこい,動詞,不規則,,,,方言,ツッチェコイ,連れてこい,275,*,*,*,*
つっちぇって,1286,1286,-32768,つっちぇって,動詞,不規則,,,,方言,ツッチェッテ,連れてって,276,*,*,*,*
つっちきて,1286,1286,-32768,つっちきて,動詞,不規則,,,,方言,ツッチキテ,連れて来て,277,*,*,*,*
つっちって,1286,1286,-32768,つっちって,動詞,不規則,,,,方言,ツッチッテ,連れてって,278,*,*,*,*
つっとまる,1286,1286,-32768,つっとまる,動詞,,,不変,,方言,ツットマル,つかえる,279,*,*,*,*
つっぱえる,1286,1286,-32768,つっぱえる,動詞,不規則,,,,方言,ツッパエル,雪道で車がはまる,280,*,*,*,*
つんだす,1286,1286,-32768,つんだす,動詞,,,不変,,方言,ツンダス,差し出す,281,*,*,*,*
つんのめる,1286,1286,-32768,つんのめる,動詞,,,不変,,方言,ツンノメル,つまづく,282,*,*,*,*
できっごと,1286,1286,-32768,できっごと,動詞,名詞,,,,方言,デキッゴト,できること,283,*,*,*,*
でだ,1286,1286,-32768,でだ,動詞,不規則,,,,方言,デダ,できた,284,*,*,*,*
てっぱずれ,1286,1286,-32768,てっぱずれ,動詞,不規則,,,,方言,テッパズレ,手から落とす,285,*,*,*,*
てっぱずれる,1286,1286,-32768,てっぱずれる,動詞,不規則,,,,方言,テッパズレル,手から落とす,286,*,*,*,*
でっぴ,1286,1286,-32768,でっぴ,動詞,不規則,,,,方言,デッピ,額が出ている,287,*,*,*,*
でね,1286,1286,-32768,でね,動詞,,,不変,,方言,デネ,出ない,288,*,*,*,*
でね,1286,1286,-32768,でね,動詞,,,不変,,方言,デネ,出来ない,289,*,*,*,*
でねべ,1286,1286,-32768,でねべ,動詞,,,不変,,方言,デネベ,出ないでしょ,290,*,*,*,*
でねよ,1286,1286,-32768,でねよ,動詞,,,不変,,方言,デ ネヨ,出ないよ,291,*,*,*,*
ではる,1286,1286,-32768,ではる,動詞,,,不変,,方言,デ ハル,出掛ける,292,*,*,*,*
ではる,913,913,-32768,ではる,動詞,さ変,,,,方言,デ ハル,外出する,293,*,*,*,*
てんつこぐ,1286,1286,-32768,てんつこぐ,動詞,,,不変,,方言,テンツコグ,嘘をつく,294,*,*,*,*
どぎまぎ,1286,1286,-32768,どぎまぎ,動詞,,,不変,,方言,ドギマギ,あわてる,295,*,*,*,*
とっかえばす,1286,1286,-32768,とっかえばす,動詞,,,不変,,方言,トッカエバ ス,取り返す,296,*,*,*,*
とっかえひっかえ,1286,1286,-32768,とっかえひっかえ,副詞,,,不変,,方言,トッカエヒッカエ,なんども変える,297,*,*,*,*
とっかえる,913,913,-32768,とっかえる,動詞,さ変,,,,方言,トッカ エル,交換する,298,*,*,*,*
とっちゃ,1286,1286,-32768,とっちゃ,動詞,,,不変,,方言,トッチャ,取れた,299,*,*,*,*
どっぺん,1286,1286,-32768,どっぺん,動詞,不規則,,,,方言,ドッペン,通れないようにする,300,*,*,*,*
とどさくなる,1286,1286,-32768,とどさくなる,動詞,,,不変,,方言,トドサクナル,眠くなる,301,*,*,*,*
どんづまり,1286,1286,-32768,どんづまり,動詞,,,不変,,方言,ドンヅマリ,行き止まり,302,*,*,*,*
ないがずよ,1286,1286,-32768,ないがずよ,動詞,,,不変,,方言,ナイガズヨ,ありませんか,303,*,*,*,*
なげ,1286,1286,-32768,なげ,動詞,,,,,方言,ナゲ,捨て,304,*,*,*,*
なげる,1286,1286,-32768,なげる,動詞,,,不変,,方言,ナゲル,捨てる,305,*,*,*,*
なす,1286,1286,-32768,なす,動詞,,,不変,,方言,ナス,返す,306,*,*,*,*
なす,913,913,-32768,なす,動詞,さ変,,,,方言,ナス,弁償する,307,*,*,*,*
なだこける,1286,1286,-32768,なだこける,動詞,不規則,,,,方言,ナダ コケル,屋根の雪が落ちる,308,*,*,*,*
なつこい,1286,1286,-32768,なつこい,動詞,,,不変,,方言,ナツコイ,打ち解ける,309,*,*,*,*
なでこける,1286,1286,-32768,なでこける,動詞,不規則,,,,方言,ナデコケル,なだれが起きる,310,*,*,*,*
にだだね,1286,1286,-32768,にだだね,動詞,,,不変,,方言,ニダダネ,沸騰しない,311,*,*,*,*
ぬだぐる,1286,1286,-32768,ぬだぐる,動詞,,,不変,,方言,ヌダグル,塗る,312,*,*,*,*
ぬっちゃ,1286,1286,-32768,ぬっちゃ,動詞,,,不変,,方言,ヌッチャ,塗るよ,313,*,*,*,*
ぬっちゃ,1286,1286,-32768,ぬっちゃ,動詞,,,不変,,方言,ヌッチャ,濡れてしまった,314,*,*,*,*
ぬろ,1286,1286,-32768,ぬろ,動詞,,,不変,,方言,ヌロ,塗って,315,*,*,*,*
ねそげる,1286,1286,-32768,ねそげる,動詞,,,不変,,方言,ネソゲル,眠れなかった,316,*,*,*,*
ねっそっぉ,1286,1286,-32768,ねっそっぉ,動詞,,,不変,,方言,ネッソッォ,寝るよ,317,*,*,*,*
のたばる,1286,1286,-32768,のたばる,動詞,,,不変,,方言,ノ タバル,横になっている,318,*,*,*,*
のだばる,1286,1286,-32768,のだばる,動詞,,,不変,,方言,ノダバル,腹ばいになる,319,*,*,*,*
のったばる,1286,1286,-32768,のったばる,動詞,,,不変,,方言,ノッタバル,横になっている,320,*,*,*,*
のったばる,1286,1286,-32768,のったばる,動詞,,,不変,,方言,ノッタバル,腹ばいになる,321,*,*,*,*
のびろ,1286,1286,-32768,のびろ,動詞,,,不変,,方言,ノビロ,寝転んで休め,322,*,*,*,*
のぼせ,1286,1286,-32768,のぼせ,動詞,,,,,方言,ノボセ,いい気になっ,323,*,*,*,*
のぼせる,1286,1286,-32768,のぼせる,動詞,,,,,方言,ノボセル,いい気になる,324,*,*,*,*
のぼせる,1286,1286,-32768,のぼせる,動詞,,,不変,,方言,ノボセル,調子に乗る,325,*,*,*,*
ばえぶつ,1286,1286,-32768,ばえぶつ,動詞,,,不変,,方言,バエブツ,投げつける,326,*,*,*,*
はがいぐ,1286,1286,-32768,はがいぐ,動詞,,,不変,,方言,ハガイグ,順調に進む,327,*,*,*,*
はがどっこど,1286,1286,-32768,はがどっこど,動詞,,,不変,,方言,ハガドッコド,順調に進む,328,*,*,*,*
はかどる,1286,1286,-32768,はかどる,動詞,,,不変,,方言,ハカドル,順調に進む,329,*,*,*,*
はがどる,1286,1286,-32768,はがどる,動詞,,,不変,,方言,ハガドル,順調に進む,330,*,*,*,*
はこぶ,1286,1286,-32768,はこぶ,動詞,,,不変,,方言,ハコブ,進む,331,*,*,*,*
はだげる,1286,1286,-32768,はだげる,動詞,,,不変,,方言,ハダゲル,股を広げる,332,*,*,*,*
はったぎ,1286,1286,-32768,はったぎ,動詞,,,不変,,方言,ハッ タギ,痩せている,333,*,*,*,*
はっちゃげる,1286,1286,-32768,はっちゃげる,動詞,下一段,,,,方言,ハッチャゲル,はっちゃける,334,*,*,*,*
はまる,1286,1286,-32768,はまる,動詞,五段,,,,方言,ハマル,加わる,335,*,*,*,*
はまる,1286,1286,-32768,はまる,動詞,さ変,,,,方言,ハマル,参加する,336,*,*,*,*
はめらんに,1286,1286,-32768,はめらんに,動詞,,,不変,,方言,ハメランニ,仲間に出来ない,337,*,*,*,*
はめる,1286,1286,-32768,はめる,動詞,下一段,,,,方言,ハメテ,仲間にして,338,*,*,*,*
ばよいくら,1286,1286,-32768,ばよいくら,動詞,,,,,方言,バヨ イクラ,取り合い,339,*,*,*,*
ばよいくら,1286,1286,-32768,ばよいくら,動詞,,,不変,,方言,バヨ イクラ,奪い合い,340,*,*,*,*
はんばげる,1286,1286,-32768,はんばげる,動詞,下一段,,,,方言,ハンバゲル,むせかえる,341,*,*,*,*
はんばげる,1286,1286,-32768,はんばげる,動詞,下一段,,介護,,方言,ハンバゲル,吐き出す,342,*,*,*,*
ひしゃまし,1286,1286,-32768,ひしゃまし,動詞,動詞,,,,方言,シャアマシ,持て余し,343,*,*,*,*
ひっからびる,1286,1286,-32768,ひっからびる,動詞,上一段,,,,方言,ヒッカラビル,乾く,344,*,*,*,*
ひっからびる,1286,1286,-32768,ひっからびる,動詞,さ変,,,,方言,ヒッ カラビル,乾燥する,345,*,*,*,*
ひっちゃばぐ,1286,1286,-32768,ひっちゃばぐ,動詞,五段,,,,方言,ヒッチャバグ,引き裂く,346,*,*,*,*
ひっちゃばぐ,1286,1286,-32768,ひっちゃばぐ,動詞,五段,,,,方言,ヒッチャバグ,破く,347,*,*,*,*
ひっぱる,913,913,-32768,ひっぱる,動詞,さ変,,,,方言,ヒッパル,運転する,348,*,*,*,*
びんぞる,1286,1286,-32768,びんぞる,動詞,五段,,,,方言,ビンゾル,反る,349,*,*,*,*
ひんまがる,1286,1286,-32768,ひんまがる,動詞,五段,,,,方言,ヒンマガル,曲がる,350,*,*,*,*
ひんまるめる,1286,1286,-32768,ひんまるめる,動詞,下一段,,,,方言,ヒンマルメル,あつめる,351,*,*,*,*
ひんまるめる,1286,1286,-32768,ひんまるめる,動詞,下一段,,,,方言,ヒンマルメル,まとめる,352,*,*,*,*
ひんまるめる,1286,1286,-32768,ひんまるめる,動詞,下一段,,,,方言,ヒンマルメル,まるめる,353,*,*,*,*
ふせくさい,1286,1286,-32768,ふせくさい,動詞,,,不変,,方言,フセクサイ,悪くなる,354,*,*,*,*
ふせる,1286,1286,-32768,ふせる,動詞,下一段,,,,方言,フセル,病気になる,355,*,*,*,*
ふっかえ,1286,1286,-32768,ふっかえ,動詞,,,,,方言,フッカエ,降るだろうか,356,*,*,*,*
ぶったぎる,1286,1286,-32768,ぶったぎる,動詞,,,,,方言,ブッタギル,切る,357,*,*,*,*
ぶっただぐ,1286,1286,-32768,ぶっただぐ,動詞,,,,,方言,ブッタダグ,叩く,358,*,*,*,*
ぶっちゃく,1286,1286,-32768,ぶっちゃく,動詞,,,,,方言,ブッチャク,破る,359,*,*,*,*
ぶっちゃぐ,1286,1286,-32768,ぶっちゃぐ,動詞,,,,,方言,ブッチャグ,破く,360,*,*,*,*
ぶっつぶす,1286,1286,-32768,ぶっつぶす,動詞,,,,,方言,ブッツブス,潰す,361,*,*,*,*
ふっぺ,1286,1286,-32768,ふっぺ,動詞,,,,,方言,フッペ,降るだろう,362,*,*,*,*
ふんごぐる,1286,1286,-32768,ふんごぐる,動詞,,,,,方言,フンゴグル,押しやる,363,*,*,*,*
ふんずげる,1286,1286,-32768,ふんずげる,動詞,,,,,方言,フンズゲル,踏む,364,*,*,*,*
ぶんなぐる,1286,1286,-32768,ぶんなぐる,動詞,,,,,方言,ブンナグル,殴る,365,*,*,*,*
ふんね,1286,1286,-32768,ふんね,動詞,,,,,方言,フンネ,降らない,366,*,*,*,*
ふんね,1286,1286,-32768,ふんね,動詞,,,,,方言,フンネ,降りません,367,*,*,*,*
ぶんぶぐっちゃ,1286,1286,-32768,ぶんぶぐっちゃ,動詞,,,,,方言,ブンブグッチャ,すねる,368,*,*,*,*
ぶんぶぐれる,1286,1286,-32768,ぶんぶぐれる,動詞,,,,,方言,ブンブ グレル,すねる,369,*,*,*,*
ふんべ,1286,1286,-32768,ふんべ,動詞,,,,,方言,フンベ,降るだろう,370,*,*,*,*
ぶんむぐれる,1286,1286,-32768,ぶんむぐれる,動詞,,,,,方言,ブンムグレル,すねる,371,*,*,*,*
べそかぐ,1286,1286,-32768,べそかぐ,動詞,,,,,方言,ベソカグ,しょげる,372,*,*,*,*
へっちぇけろ,1286,1286,-32768,へっちぇけろ,動詞,,,,,方言,ヘッチェケロ,入れてください,373,*,*,*,*
へっちけろ,1286,1286,-32768,へっちけろ,動詞,,,,,方言,ヘッチケロ,入れて頂戴,374,*,*,*,*
ぼう,1286,1286,-32768,ぼう,動詞,,,,,方言,ボウ,追い払う,375,*,*,*,*
ほげる,1286,1286,-32768,ほげる,動詞,,,,,方言,ホゲル,崩れる,376,*,*,*,*
ほごす,1286,1286,-32768,ほごす,動詞,,,,,方言,ホゴス,取り壊す,377,*,*,*,*
ほだこぎ,1286,1286,-32768,ほだこぎ,動詞,,,,,方言,ホダコギ,深雪を行く,378,*,*,*,*
ぼっこす,1286,1286,-32768,ぼっこす,動詞,,,,,方言,ボッコス,壊す,379,*,*,*,*
ぼっこっちぇしまった,1286,1286,-32768,ぼっこっちぇしまった,動詞,不規則,,,,方言,ボッ コッチェシマッタ,壊れてしまった,380,*,*,*,*
ぼっこっちゃ,1286,1286,-32768,ぼっこっちゃ,動詞,不規則,,,,方言,ボッコッチャ,壊れちゃった,381,*,*,*,*
ぼっこれだ,1286,1286,-32768,ぼっこれだ,動詞,不規則,,,,方言,ボッ コレダ,壊れている,382,*,*,*,*
ぼっこれる,1286,1286,-32768,ぼっこれる,動詞,,,,,方言,ボッコレル,壊れる,383,*,*,*,*
ぼっこれる,1286,1286,-32768,ぼっこれる,動詞,,,,,方言,ボッコレル,壊れる,384,*,*,*,*
ぼったぐれ,1286,1286,-32768,ぼったぐれ,動詞,,,,,方言,ボッタ グレ,追い払え,385,*,*,*,*
ほろぐ,1286,1286,-32768,ほろぐ,動詞,,,,,方言,ホログ,はらい落とす,386,*,*,*,*
ほろげる,1286,1286,-32768,ほろげる,動詞,,,,,方言,ホロゲル,ほどける,387,*,*,*,*
ほんね,1286,1286,-32768,ほんね,動詞,,,,,方言,ホンネ,違う,388,*,*,*,*
ほんね,1286,1286,-32768,ほんね,動詞,,,,,方言,ホンネ,違います,389,*,*,*,*
まきこき,1286,1286,-32768,まきこき,動詞,,,,,方言,マキコキ,あわてている,390,*,*,*,*
まげろ,1286,1286,-32768,まげろ,動詞,,,,,方言,マゲロ,値引きしろ,391,*,*,*,*
まっちょ,1286,1286,-32768,まっちょ,動詞,,,,,方言,マッチョ,待って,392,*,*,*,*
まよう,913,913,-32768,まよう,動詞,さ変,,,,方言,マヨウ,弁償する,393,*,*,*,*
まよえ,1286,1286,-32768,まよえ,動詞,,,,,方言,マヨエ,弁償しろ,394,*,*,*,*
みごる,1286,1286,-32768,みごる,動詞,,,,,方言,ミゴル,濁る,395,*,*,*,*
みじつけ,1286,1286,-32768,みじつけ,動詞,不規則,,,,方言,ミジツケ,雪上に道をつくる,396,*,*,*,*
みだでら,1286,1286,-32768,みだでら,動詞,不規則,,,,方言,ミダデラ,見たでしょう,397,*,*,*,*
みっちゃぐない,1286,1286,-32768,みっちゃぐない,動詞,不規則,,,,方言,ミッチャグナイ,見たくない,398,*,*,*,*
みでくだっか,1286,1286,-32768,みでくだっか,動詞,不規則,,,,方言,ミデクダッカ,見てくださいますか,399,*,*,*,*
みでくだっぺが,1286,1286,-32768,みでくだっぺが,動詞,不規則,,,,方言,ミデクダッペガ,見てくれるでしょうか,400,*,*,*,*
みでくだんねが,1286,1286,-32768,みでくだんねが,動詞,不規則,,,,方言,ミデ クダンネガ,見てもらえないでしょうか,401,*,*,*,*
みでけろ,1286,1286,-32768,みでけろ,動詞,不規則,,,,方言,ミデケロ,見てください,402,*,*,*,*
みでね,1286,1286,-32768,みでね,動詞,不規則,,,,方言,ミデネ,見ていません,403,*,*,*,*
みね,1286,1286,-32768,みね,動詞,,,,,方言,ミネ,見ません,404,*,*,*,*
みらんに,1286,1286,-32768,みらんに,動詞,,,,,方言,ミランニ,見られません,405,*,*,*,*
みらんにがった,1286,1286,-32768,みらんにがった,動詞,,,,,方言,ミランニガッタ,見れなかった,406,*,*,*,*
みらんにがったが,1286,1286,-32768,みらんにがったが,動詞,,,,,方言,ミランニガッタガ,見られなかったか？,407,*,*,*,*
むぐし,1286,1286,-32768,むぐし,動詞,,,,,方言,ムグシ,漏らし,408,*,*,*,*
むぐした,1286,1286,-32768,むぐした,動詞,,,,,方言,ムグシタ,漏れる,409,*,*,*,*
むぐす,1286,1286,-32768,むぐす,動詞,,,,,方言,ムグス,漏れる,410,*,*,*,*
むぐす,1286,1286,-32768,むぐす,動詞,,,,,方言,ムグス,漏れる,411,*,*,*,*
むぐっちゃ,1286,1286,-32768,むぐっちゃ,動詞,,,,,方言,ムグッチャ,漏れる,412,*,*,*,*
むぐる,1286,1286,-32768,むぐる,動詞,,,,,方言,ムグル,漏れる,413,*,*,*,*
むぐる,1286,1286,-32768,むぐる,動詞,,,,,方言,ムグル,漏れる,414,*,*,*,*
むぐれる,1286,1286,-32768,むぐれる,動詞,不規則,,,,方言,ムグレル,ムカッとして怒る,415,*,*,*,*
むさずる,913,913,-32768,むさずる,動詞,さ変,,,,方言,ムサズル,悪戯する,416,*,*,*,*
むじぐる,1286,1286,-32768,むじぐる,動詞,,,,,方言,ムジグル,揉む,417,*,*,*,*
むじる,1286,1286,-32768,むじる,動詞,,,,,方言,ムジル,曲る,418,*,*,*,*
むじっ,1286,1286,-32768,むじっ,動詞,,,,,方言,ムジル,曲っ,419,*,*,*,*
むずがる,1286,1286,-32768,むずがる,動詞,,,,,方言,ムズガル,ぐずる,420,*,*,*,*
むずる,1286,1286,-32768,むずる,動詞,,,,,方言,ムズル,曲がる,421,*,*,*,*
むづる,1286,1286,-32768,むづる,動詞,,,,,方言,ムヅル,曲がる,422,*,*,*,*
むづる,1286,1286,-32768,むづる,動詞,,,,,方言,ムヅル,曲がる,423,*,*,*,*
むらす,1286,1286,-32768,むらす,動詞,,,,,方言,ムラス,漏れる,424,*,*,*,*
めせずらがす,1286,1286,-32768,めせずらがす,動詞,,,,,方言,メセズラ ガス,見せびらかす,425,*,*,*,*
めっけで,1286,1286,-32768,めっけで,動詞,,,,,方言,メッケデ,見つけて,426,*,*,*,*
めっける,1286,1286,-32768,めっける,動詞,,,,,方言,メッケル,見つける,427,*,*,*,*
もぎ,1286,1286,-32768,もぎ,動詞,,,,,方言,モギ,取り除く,428,*,*,*,*
もぎ,913,913,-32768,もぎ,動詞,さ変,,,,方言,モギ,収穫する,429,*,*,*,*
もぐ,1286,1286,-32768,もぐ,動詞,,,,,方言,モグ,もぎ取る,430,*,*,*,*
もじゃぐる,1286,1286,-32768,もじゃぐる,動詞,,,,,方言,モジャグル,揉む,431,*,*,*,*
もぞかだる,1286,1286,-32768,もぞかだる,動詞,不規則,,,,方言,モゾカ ダル,世迷い言を言う,432,*,*,*,*
もっかえる,1286,1286,-32768,もっかえる,動詞,不規則,,,,方言,モッカ エル,ひっくり返る,433,*,*,*,*
もっかえる,1286,1286,-32768,もっかえる,動詞,不規則,,,,方言,モッカ エル,倒れる,434,*,*,*,*
もってがっちゃ,1286,1286,-32768,もってがっちゃ,動詞,不規則,,,,方言,モッテガッチャ,持って行かれた、盗まれる,435,*,*,*,*
もどす,1286,1286,-32768,もどす,動詞,,,,,方言,モドス,吐く,436,*,*,*,*
もらわれっか,1286,1286,-32768,もらわれっか,動詞,,,不変,,方言,モラワレッカ,もらえますか,437,*,*,*,*
もらわんに,1286,1286,-32768,もらわんに,動詞,,,,,方言,モラワンニ,貰えない,438,*,*,*,*
もらわんにが,1286,1286,-32768,もらわんにが,動詞,不規則,,,,方言,モラワンニガ,貰えないでしょうか？,439,*,*,*,*
もんじゃぐる,1286,1286,-32768,もんじゃぐる,動詞,不規則,,,,方言,モンジャグル,紙をくしゃくしゃにする,440,*,*,*,*
やい,1286,1286,-32768,やい,動詞,,,,,方言,ヤイ,下さい,441,*,*,*,*
やめる,1286,1286,-32768,やめる,動詞,,,不変,,方言,ヤメル,痛い,442,*,*,*,*
やらんに,1286,1286,-32768,やらんに,動詞,,,,,方言,ヤランニ,あげません,443,*,*,*,*
やんな,1286,1286,-32768,やんな,動詞,,,,,方言,ヤンナ,やめなさい,444,*,*,*,*
やんね,1286,1286,-32768,やんね,動詞,,,,,方言,ヤンネ,あげない,445,*,*,*,*
ゆすぐる,1286,1286,-32768,ゆすぐる,動詞,,,,,方言,ユスグル,揺らす,446,*,*,*,*
ゆすぐんな,1286,1286,-32768,ゆすぐんな,動詞,,,,,方言,ユスグンナ,揺らすな,447,*,*,*,*
ゆったべ,1286,1286,-32768,ゆったべ,動詞,,,,,方言,ユッタベ,言ったのに,448,*,*,*,*
ゆっつばえる,1286,1286,-32768,ゆっつばえる,動詞,不規則,,,,方言,ユッツバ エル,結んで固定する,449,*,*,*,*
よげろ,1286,1286,-32768,よげろ,動詞,,,,,方言,ヨゲロ,どいて,450,*,*,*,*
よごしぇ,1286,1286,-32768,よごしぇ,動詞,,,,,方言,ヨゴシェ,よこせ,451,*,*,*,*
よごせ,1286,1286,-32768,よごせ,動詞,,,,,方言,ヨゴセ,寄越せ,452,*,*,*,*
よばる,1286,1286,-32768,よばる,動詞,,,,,方言,ヨバル,呼ぶ,453,*,*,*,*
よる,1286,1286,-32768,よる,動詞,,,,,方言,ヨル,家の中に入る,454,*,*,*,*
らりる,1286,1286,-32768,らりる,動詞,,,,,方言,ラリル,ふらつく,455,*,*,*,*
わしぇだ,1286,1286,-32768,わしぇだ,動詞,,,,,方言,ワシェダ,忘れた,456,*,*,*,*
わせだ,1286,1286,-32768,わせだ,動詞,,,,,方言,ワセダ,忘れた,457,*,*,*,*
わせで,1286,1286,-32768,わせで,動詞,,,,,方言,ワセデ,忘れて,458,*,*,*,*
わっしゃこ,1286,1286,-32768,わっしゃこ,動詞,,,不変,,方言,ワッシャコ,もてあそぶ,459,*,*,*,*
わにる,913,913,-32768,わにる,動詞,さ変,,,,方言,ワニル,人見知りする,460,*,*,*,*
わらわら,1286,1286,-32768,わらわら,動詞,助詞,,不変,,方言,ワラワラ,急いで,461,*,*,*,*
んね,1286,1286,-32768,んね,動詞,,,,,方言,ンネ,違います,462,*,*,*,*
んねず,1286,1286,-32768,んねず,動詞,,,,,方言,ンネズ,違います,463,*,*,*,*
